{
  "n_songs": 89512,
  "n_genres": 113,
  "feature_dim": 128,
  "genre_weight": 1.2,
  "random_state": 42,
  "default_recommender": "mmr",
  "mmr_params": {
    "lam": 0.75,
    "pool_size": 100
  },
  "eval_summary": {
    "baseline": {
      "genre_precision@10": 0.7125628140703518,
      "mean_similarity@10": 0.8798823356628418,
      "intra_list_diversity": 0.17921675741672516,
      "catalog_coverage": 0.02162838502100277
    },
    "mmr": {
      "genre_precision@10": 0.6793969849246231,
      "mean_similarity@10": 0.8753140568733215,
      "intra_list_diversity": 0.20410799980163574,
      "catalog_coverage": 0.021572526588613816
    }
  }
}